slug,state,revision,url,field_count,supported_scanners,error
AL,Alabama,Rev. 11/01/2014 (0401),https://pdf417.pro/AL/,22,"[""Scandit"", ""Show-Me ID"", ""FIDScan"", ""Veriscan""]",
AL_2022,Alabama,Rev. 26/04/2022 (0403),https://pdf417.pro/AL_2022/,22,"[""Scandit"", ""Show-Me ID"", ""FIDScan"", ""Veriscan""]",
AK,Alaska,Rev. 11/01/2018 (0901),https://pdf417.pro/AK/,22,"[""Scandit"", ""Show-Me ID"", ""FIDScan"", ""Veriscan""]",
AZ,Arizona,Rev 02/14/2014 (7000),https://pdf417.pro/AZ/,21,"[""Scandit"", ""Show-Me ID"", ""FIDScan"", ""Veriscan""]",
AZ_2023,Arizona,Rev 02/28/2023 (1001),https://pdf417.pro/AZ_2023/,21,"[""Scandit"", ""Show-Me ID"", ""FIDScan"", ""Veriscan""]",
AR,Arkansas,Rev. 03/01/2018 (0900),https://pdf417.pro/AR/,19,"[""Scandit"", ""Show-Me ID"", ""FIDScan"", ""Veriscan""]",
CA,California,Rev. 08/29/2017 (0901),https://pdf417.pro/CA/,23,"[""Scandit"", ""Show-Me ID"", ""FIDScan"", ""Veriscan"", ""Uscan.pro""]",
CA_2024,California,Rev. 2024 (1001),https://pdf417.pro/CA_2024/,25,"[""Scandit"", ""Show-Me ID"", ""Veriscan"", ""Regula""]",
CO_2015,Colorado,(Rev. 10/30/2015),https://pdf417.pro/CO_2015/,21,[],
CO_2022,Colorado,Rev 02/28/2022 (1001),https://pdf417.pro/CO_2022/,22,"[""Scandit"", ""Show-Me ID"", ""FIDScan"", ""Veriscan""]",
CT,Connecticut,Rev. 02/10/2017 (0900),https://pdf417.pro/CT/,19,"[""Scandit"", ""Show-Me ID"", ""Veriscan""]",
DE,Delaware,Rev. 08/02/2017 (0900),https://pdf417.pro/DE/,21,"[""Scandit"", ""Show-Me ID"", ""FIDScan"", ""Veriscan""]",
FL,Florida,(Rev. 03/16/2017 & 05/01/2019 & 03/01/2020),https://pdf417.pro/FL/,21,[],
GA_2015,Georgia,(Rev. 07/01/2015),https://pdf417.pro/GA_2015/,21,[],
GA_2019,Georgia,(Rev. 01/02/2019),https://pdf417.pro/GA_2019/,21,[],
HI,Hawaii,,https://pdf417.pro/HI/,20,[],
ID,Idaho,Rev. 09/05/2016 (0800),https://pdf417.pro/ID/,22,[],
ID_2023,Idaho,Rev. 01/31/2023 (1009),https://pdf417.pro/ID_2023/,21,[],
IL,Illinois,Rev. 09/17/2015 (0800),https://pdf417.pro/IL/,23,[],
IN,Indiana,Rev. 07/24/2018 (0900),https://pdf417.pro/IN/,22,"[""Scandit"", ""Show-Me ID"", ""Veriscan"", ""Uscan.pro""]",
IA_2011,Iowa,Rev. 07/25/2011 (0402),https://pdf417.pro/IA_2011/,20,[],
IA_2017,Iowa,Rev. 29/06/2017 (0900),https://pdf417.pro/IA_2017/,19,[],
KS,Kansas,(Rev. 02/24/2017),https://pdf417.pro/KS/,20,[],
KY_2012,Kentucky,(Rev. 03/16/2012),https://pdf417.pro/KY_2012/,19,[],
KY_2018,Kentucky,Rev. 08/31/2018 (0900),https://pdf417.pro/KY_2018/,20,[],
LA,Louisiana,(Rev. 02/10/2015),https://pdf417.pro/LA/,23,[],
ME,Maine,Rev. 01/04/2019 (0900),https://pdf417.pro/ME/,21,[],
MD,Maryland,(Rev. 06/20/2016 & 08/26/2019),https://pdf417.pro/MD/,21,[],
MD_2021,Maryland,Rev. 12/05/2021 (0900),https://pdf417.pro/MD_2021/,20,"[""Scandit"", ""Show-Me ID"", ""Veriscan""]",
MA,Massachusetts,Rev. 02/22/2016 (0800),https://pdf417.pro/MA/,21,[],
MI,Michigan,Rev. 01/21/2011 & 08/16/2021,https://pdf417.pro/MI/,16,[],
MI_2024,Michigan,Rev. 01/02/2024,https://pdf417.pro/MI_2024/,14,[],
MN,Minnesota,Rev. 10/23/2017 (0900),https://pdf417.pro/MN/,21,[],
MS,Mississippi,Rev. 02/22/2016 & 05/14/2021 (0800),https://pdf417.pro/MS/,21,[],
MS_2023,Mississippi,Rev. 09/15/2023 (1000),https://pdf417.pro/MS_2023/,19,"[""Scandit"", ""Show-Me ID"", ""FIDScan"", ""Veriscan""]",
MO_2012,Missouri,(Rev. 12/10/2012),https://pdf417.pro/MO_2012/,20,[],
MO_2020,Missouri,Rev. 01/27/2020 (0900),https://pdf417.pro/MO_2020/,20,[],
MT,Montana,Rev. 10/07/2015 (0800),https://pdf417.pro/MT/,21,[],
NE_2017,Nebraska,Rev. 02/28/2017 (0900),https://pdf417.pro/NE_2017/,23,"[""Scandit"", ""Show-Me ID"", ""FIDScan"", ""Veriscan""]",
NE_2021,Nebraska,Rev. 04/05/2021 (1000),https://pdf417.pro/NE_2021/,23,"[""Scandit"", ""Show-Me ID"", ""FIDScan"", ""Veriscan""]",
NV_2008,Nevada,(Rev. 10/10/2008),https://pdf417.pro/NV_2008/,22,"[""Scandit"", ""Show-Me ID"", ""FIDScan""]",
NV_2021,Nevada,Rev. 05/24/2021 (1000),https://pdf417.pro/NV_2021/,21,"[""Scandit"", ""Show-Me ID"", ""FIDScan""]",
NH,New Hampshire,Rev. 06/09/2016 (0801),https://pdf417.pro/NH/,21,"[""Scandit"", ""Show-Me ID"", ""FIDScan"", ""Veriscan""]",
NH_2024,New Hampshire,Rev. 08/30/2024 (1000),https://pdf417.pro/NH_2024/,20,"[""Scandit"", ""Show-Me ID"", ""Veriscan""]",
NJ_2020,New Jersey,Rev. 01/08/2020 (0402),https://pdf417.pro/NJ_2020/,23,"[""Scandit"", ""Show-Me ID"", ""FIDScan"", ""Veriscan""]",
NM,New Mexico,Rev. 08/23/2019 (0800),https://pdf417.pro/NM/,19,"[""Scandit"", ""Show-Me ID"", ""FIDScan"", ""Veriscan""]",
NY_2017,New York,Rev. 09/28/2017 (0303),https://pdf417.pro/NY_2017/,17,"[""Scandit"", ""FIDScan"", ""Veriscan""]",
NY_2022,New York,Rev. 03/07/2022 (1004),https://pdf417.pro/NY_2022/,18,"[""Scandit"", ""Show-Me ID"", ""FIDScan"", ""Veriscan""]",
NC,North Carolina,Rev. 10/24/2014 (0800),https://pdf417.pro/NC/,21,"[""Scandit"", ""Show-Me ID"", ""FIDScan"", ""Veriscan""]",
ND,North Dakota,Rev. 01/08/2014 (0800),https://pdf417.pro/ND/,21,"[""Scandit"", ""Show-Me ID"", ""FIDScan"", ""Veriscan""]",
ND_2023,North Dakota,Rev. 03/10/2023 (1000),https://pdf417.pro/ND_2023/,19,"[""Scandit"", ""Show-Me ID"", ""FIDScan"", ""Veriscan""]",
OH,Ohio,Rev. 07/01/2018 (0901),https://pdf417.pro/OH/,23,"[""Scandit"", ""Show-Me ID"", ""FIDScan"", ""Veriscan""]",
OK,Oklahoma,Rev. 01/13/2020 (0900),https://pdf417.pro/OK/,21,[],
OR,Oregon,(Rev. 07/09/2018),https://pdf417.pro/OR/,21,[],
PA,Pennsylvania,Rev. 06/07/2016 (9000),https://pdf417.pro/PA/,22,"[""Scandit"", ""Show-Me ID"", ""FIDScan"", ""Veriscan""]",
PA_2022,Pennsylvania,Rev. 03/25/2022 (1000),https://pdf417.pro/PA_2022/,22,"[""Scandit"", ""Show-Me ID"", ""FIDScan"", ""Veriscan""]",
RI,Rhode Island,(Rev. 01/26/2016),https://pdf417.pro/RI/,21,[],
RI_2022,Rhode Island,Rev. 03/01/2022 (0801),https://pdf417.pro/RI_2022/,21,[],
SC,South Carolina,(Rev. 01/01/2018),https://pdf417.pro/SC/,20,[],
SD,South Dakota,(Rev. 06/29/2017),https://pdf417.pro/SD/,20,[],
TN,Tennessee,Rev. 12/02/2011 (0600),https://pdf417.pro/TN/,21,"[""Scandit"", ""Show-Me ID"", ""FIDScan"", ""Veriscan""]",
TX_2016,Texas,Rev. 10/10/2016 (0800),https://pdf417.pro/TX_2016/,23,"[""Scandit"", ""Show-Me ID"", ""FIDScan"", ""Veriscan""]",
TX_2020,Texas,Rev. 02/23/2020 (0900),https://pdf417.pro/TX_2020/,23,"[""Scandit"", ""Show-Me ID"", ""Veriscan""]",
UT_2016,Utah,Rev. 04/15/2016 (0800),https://pdf417.pro/UT_2016/,22,"[""Scandit"", ""Show-Me ID"", ""FIDScan"", ""Veriscan""]",
UT_2021,Utah,Rev. 06/01/2021 (1000),https://pdf417.pro/UT_2021/,21,"[""Scandit"", ""Show-Me ID"", ""FIDScan"", ""Veriscan""]",
VT,Vermont,Rev. 10/16/2018 (0902),https://pdf417.pro/VT/,19,[],
VA,Virginia,Rev. 12/10/2008 (0300),https://pdf417.pro/VA/,20,"[""Scandit"", ""Show-Me ID"", ""FIDScan"", ""Veriscan""]",
WA,Washington,Rev. 11/12/2019 (0900),https://pdf417.pro/WA/,20,"[""Scandit"", ""Show-Me ID"", ""FIDScan"", ""Veriscan""]",
WA_2025,Washington,Rev. 02/18/2025 (0901),https://pdf417.pro/WA_2025/,22,"[""Scandit"", ""Show-Me ID"", ""Veriscan""]",
DC,"Washington, District of Columbia",,https://pdf417.pro/DC/,20,[],
WV,West Virginia,Rev. 06/04/2019 (0900),https://pdf417.pro/WV/,20,"[""Scandit"", ""Show-Me ID"", ""FIDScan"", ""Veriscan""]",
WI,Wisconsin,Rev. 09/01/2015 (0801),https://pdf417.pro/WI/,19,"[""Scandit"", ""Show-Me ID"", ""FIDScan"", ""Veriscan""]",
WI_2023,Wisconsin,Rev. 06/01/2023 (1002),https://pdf417.pro/WI_2023/,19,"[""Scandit"", ""Show-Me ID"", ""FIDScan"", ""Veriscan""]",
WY,Wyoming,Rev. 11/14/2018 (0900),https://pdf417.pro/WY/,21,"[""Scandit"", ""Show-Me ID"", ""FIDScan"", ""Veriscan""]",
AB,Alberta,,https://pdf417.pro/AB/,20,[],
BC,404,,https://pdf417.pro/BC/,0,[],
MB,Manitoba,,https://pdf417.pro/MB/,18,[],
NB,404,,https://pdf417.pro/NB/,0,[],
NL,404,,https://pdf417.pro/NL/,0,[],
NS,404,,https://pdf417.pro/NS/,0,[],
NU,404,,https://pdf417.pro/NU/,0,[],
ON,Ontario,,https://pdf417.pro/ON/,17,[],
PE,Prince Edward Island,(Rev. ???),https://pdf417.pro/PE/,19,[],
QC,Quebec,Rev. 2015-08-01 (0401),https://pdf417.pro/QC/,18,[],
SK,Saskatchewan,,https://pdf417.pro/SK/,18,[],
YT,Yukon,,https://pdf417.pro/YT/,18,[],
