state,slug,revision,field_count,supported_scanners,url
Alabama,AL,Rev. 11/01/2014 (0401),22,Scandit; Show-Me ID; FIDScan; Veriscan,https://pdf417.pro/AL/
Alabama,AL_2022,Rev. 26/04/2022 (0403),22,Scandit; Show-Me ID; FIDScan; Veriscan,https://pdf417.pro/AL_2022/
Alaska,AK,Rev. 11/01/2018 (0901),22,Scandit; Show-Me ID; FIDScan; Veriscan,https://pdf417.pro/AK/
Arizona,AZ,Rev 02/14/2014 (7000),21,Scandit; Show-Me ID; FIDScan; Veriscan,https://pdf417.pro/AZ/
Arizona,AZ_2023,Rev 02/28/2023 (1001),21,Scandit; Show-Me ID; FIDScan; Veriscan,https://pdf417.pro/AZ_2023/
Arkansas,AR,Rev. 03/01/2018 (0900),19,Scandit; Show-Me ID; FIDScan; Veriscan,https://pdf417.pro/AR/
California,CA,Rev. 08/29/2017 (0901),23,Scandit; Show-Me ID; FIDScan; Veriscan; Uscan.pro,https://pdf417.pro/CA/
California,CA_2024,Rev. 2024 (1001),25,Scandit; Show-Me ID; Veriscan; Regula,https://pdf417.pro/CA_2024/
Colorado,CO_2015,(Rev. 10/30/2015),21,,https://pdf417.pro/CO_2015/
Colorado,CO_2022,Rev 02/28/2022 (1001),22,Scandit; Show-Me ID; FIDScan; Veriscan,https://pdf417.pro/CO_2022/
Connecticut,CT,Rev. 02/10/2017 (0900),19,Scandit; Show-Me ID; Veriscan,https://pdf417.pro/CT/
Delaware,DE,Rev. 08/02/2017 (0900),21,Scandit; Show-Me ID; FIDScan; Veriscan,https://pdf417.pro/DE/
Florida,FL,(Rev. 03/16/2017 & 05/01/2019 & 03/01/2020),21,,https://pdf417.pro/FL/
Georgia,GA_2015,(Rev. 07/01/2015),21,,https://pdf417.pro/GA_2015/
Georgia,GA_2019,(Rev. 01/02/2019),21,,https://pdf417.pro/GA_2019/
Hawaii,HI,,20,,https://pdf417.pro/HI/
Idaho,ID,Rev. 09/05/2016 (0800),22,,https://pdf417.pro/ID/
Idaho,ID_2023,Rev. 01/31/2023 (1009),21,,https://pdf417.pro/ID_2023/
Illinois,IL,Rev. 09/17/2015 (0800),23,,https://pdf417.pro/IL/
Indiana,IN,Rev. 07/24/2018 (0900),22,Scandit; Show-Me ID; Veriscan; Uscan.pro,https://pdf417.pro/IN/
Iowa,IA_2011,Rev. 07/25/2011 (0402),20,,https://pdf417.pro/IA_2011/
Iowa,IA_2017,Rev. 29/06/2017 (0900),19,,https://pdf417.pro/IA_2017/
Kansas,KS,(Rev. 02/24/2017),20,,https://pdf417.pro/KS/
Kentucky,KY_2012,(Rev. 03/16/2012),19,,https://pdf417.pro/KY_2012/
Kentucky,KY_2018,Rev. 08/31/2018 (0900),20,,https://pdf417.pro/KY_2018/
Louisiana,LA,(Rev. 02/10/2015),23,,https://pdf417.pro/LA/
Maine,ME,Rev. 01/04/2019 (0900),21,,https://pdf417.pro/ME/
Maryland,MD,(Rev. 06/20/2016 & 08/26/2019),21,,https://pdf417.pro/MD/
Maryland,MD_2021,Rev. 12/05/2021 (0900),20,Scandit; Show-Me ID; Veriscan,https://pdf417.pro/MD_2021/
Massachusetts,MA,Rev. 02/22/2016 (0800),21,,https://pdf417.pro/MA/
Michigan,MI,Rev. 01/21/2011 & 08/16/2021,16,,https://pdf417.pro/MI/
Michigan,MI_2024,Rev. 01/02/2024,14,,https://pdf417.pro/MI_2024/
Minnesota,MN,Rev. 10/23/2017 (0900),21,,https://pdf417.pro/MN/
Mississippi,MS,Rev. 02/22/2016 & 05/14/2021 (0800),21,,https://pdf417.pro/MS/
Mississippi,MS_2023,Rev. 09/15/2023 (1000),19,Scandit; Show-Me ID; FIDScan; Veriscan,https://pdf417.pro/MS_2023/
Missouri,MO_2012,(Rev. 12/10/2012),20,,https://pdf417.pro/MO_2012/
Missouri,MO_2020,Rev. 01/27/2020 (0900),20,,https://pdf417.pro/MO_2020/
Montana,MT,Rev. 10/07/2015 (0800),21,,https://pdf417.pro/MT/
Nebraska,NE_2017,Rev. 02/28/2017 (0900),23,Scandit; Show-Me ID; FIDScan; Veriscan,https://pdf417.pro/NE_2017/
Nebraska,NE_2021,Rev. 04/05/2021 (1000),23,Scandit; Show-Me ID; FIDScan; Veriscan,https://pdf417.pro/NE_2021/
Nevada,NV_2008,(Rev. 10/10/2008),22,Scandit; Show-Me ID; FIDScan,https://pdf417.pro/NV_2008/
Nevada,NV_2021,Rev. 05/24/2021 (1000),21,Scandit; Show-Me ID; FIDScan,https://pdf417.pro/NV_2021/
New Hampshire,NH,Rev. 06/09/2016 (0801),21,Scandit; Show-Me ID; FIDScan; Veriscan,https://pdf417.pro/NH/
New Hampshire,NH_2024,Rev. 08/30/2024 (1000),20,Scandit; Show-Me ID; Veriscan,https://pdf417.pro/NH_2024/
New Jersey,NJ_2020,Rev. 01/08/2020 (0402),23,Scandit; Show-Me ID; FIDScan; Veriscan,https://pdf417.pro/NJ_2020/
New Mexico,NM,Rev. 08/23/2019 (0800),19,Scandit; Show-Me ID; FIDScan; Veriscan,https://pdf417.pro/NM/
New York,NY_2017,Rev. 09/28/2017 (0303),17,Scandit; FIDScan; Veriscan,https://pdf417.pro/NY_2017/
New York,NY_2022,Rev. 03/07/2022 (1004),18,Scandit; Show-Me ID; FIDScan; Veriscan,https://pdf417.pro/NY_2022/
North Carolina,NC,Rev. 10/24/2014 (0800),21,Scandit; Show-Me ID; FIDScan; Veriscan,https://pdf417.pro/NC/
North Dakota,ND,Rev. 01/08/2014 (0800),21,Scandit; Show-Me ID; FIDScan; Veriscan,https://pdf417.pro/ND/
North Dakota,ND_2023,Rev. 03/10/2023 (1000),19,Scandit; Show-Me ID; FIDScan; Veriscan,https://pdf417.pro/ND_2023/
Ohio,OH,Rev. 07/01/2018 (0901),23,Scandit; Show-Me ID; FIDScan; Veriscan,https://pdf417.pro/OH/
Oklahoma,OK,Rev. 01/13/2020 (0900),21,,https://pdf417.pro/OK/
Oregon,OR,(Rev. 07/09/2018),21,,https://pdf417.pro/OR/
Pennsylvania,PA,Rev. 06/07/2016 (9000),22,Scandit; Show-Me ID; FIDScan; Veriscan,https://pdf417.pro/PA/
Pennsylvania,PA_2022,Rev. 03/25/2022 (1000),22,Scandit; Show-Me ID; FIDScan; Veriscan,https://pdf417.pro/PA_2022/
Rhode Island,RI,(Rev. 01/26/2016),21,,https://pdf417.pro/RI/
Rhode Island,RI_2022,Rev. 03/01/2022 (0801),21,,https://pdf417.pro/RI_2022/
South Carolina,SC,(Rev. 01/01/2018),20,,https://pdf417.pro/SC/
South Dakota,SD,(Rev. 06/29/2017),20,,https://pdf417.pro/SD/
Tennessee,TN,Rev. 12/02/2011 (0600),21,Scandit; Show-Me ID; FIDScan; Veriscan,https://pdf417.pro/TN/
Texas,TX_2016,Rev. 10/10/2016 (0800),23,Scandit; Show-Me ID; FIDScan; Veriscan,https://pdf417.pro/TX_2016/
Texas,TX_2020,Rev. 02/23/2020 (0900),23,Scandit; Show-Me ID; Veriscan,https://pdf417.pro/TX_2020/
Utah,UT_2016,Rev. 04/15/2016 (0800),22,Scandit; Show-Me ID; FIDScan; Veriscan,https://pdf417.pro/UT_2016/
Utah,UT_2021,Rev. 06/01/2021 (1000),21,Scandit; Show-Me ID; FIDScan; Veriscan,https://pdf417.pro/UT_2021/
Vermont,VT,Rev. 10/16/2018 (0902),19,,https://pdf417.pro/VT/
Virginia,VA,Rev. 12/10/2008 (0300),20,Scandit; Show-Me ID; FIDScan; Veriscan,https://pdf417.pro/VA/
Washington,WA,Rev. 11/12/2019 (0900),20,Scandit; Show-Me ID; FIDScan; Veriscan,https://pdf417.pro/WA/
Washington,WA_2025,Rev. 02/18/2025 (0901),22,Scandit; Show-Me ID; Veriscan,https://pdf417.pro/WA_2025/
"Washington, District of Columbia",DC,,20,,https://pdf417.pro/DC/
West Virginia,WV,Rev. 06/04/2019 (0900),20,Scandit; Show-Me ID; FIDScan; Veriscan,https://pdf417.pro/WV/
Wisconsin,WI,Rev. 09/01/2015 (0801),19,Scandit; Show-Me ID; FIDScan; Veriscan,https://pdf417.pro/WI/
Wisconsin,WI_2023,Rev. 06/01/2023 (1002),19,Scandit; Show-Me ID; FIDScan; Veriscan,https://pdf417.pro/WI_2023/
Wyoming,WY,Rev. 11/14/2018 (0900),21,Scandit; Show-Me ID; FIDScan; Veriscan,https://pdf417.pro/WY/
Alberta,AB,,20,,https://pdf417.pro/AB/
404,BC,,0,,https://pdf417.pro/BC/
Manitoba,MB,,18,,https://pdf417.pro/MB/
404,NB,,0,,https://pdf417.pro/NB/
404,NL,,0,,https://pdf417.pro/NL/
404,NS,,0,,https://pdf417.pro/NS/
404,NU,,0,,https://pdf417.pro/NU/
Ontario,ON,,17,,https://pdf417.pro/ON/
Prince Edward Island,PE,(Rev. ???),19,,https://pdf417.pro/PE/
Quebec,QC,Rev. 2015-08-01 (0401),18,,https://pdf417.pro/QC/
Saskatchewan,SK,,18,,https://pdf417.pro/SK/
Yukon,YT,,18,,https://pdf417.pro/YT/
